time,load@tsung_controller@ip-172-31-25-178 
0,0.0 
10,0.0 
20,0.0 
30,0.0 
40,0.0 
50,0.0 
60,0.0 
70,0.0 
80,0.0 
90,0.078125 
100,0.0703125 
110,0.05859375 
120,0.05078125 
130,0.0390625 
140,0.03125 
150,0.03125 
160,0.01953125 
170,0.01953125 
180,0.1015625 
190,0.3203125 
200,0.26953125 
210,0.23046875 
220,0.19140625 
230,0.16015625 
240,0.140625 
250,0.12109375 
260,0.1015625 
270,0.078125 
274,0.0703125 
