time,load@tsung_controller@ip-172-31-25-178 
0,0.0 
10,0.0 
20,0.0 
30,0.0 
40,0.0 
50,0.0 
60,0.0 
70,0.0 
80,0.0 
90,0.078125 
100,0.078125 
110,0.078125 
120,0.078125 
130,0.078125 
140,0.078125 
150,0.078125 
160,0.078125 
170,0.078125 
180,0.1015625 
190,0.3203125 
200,0.3203125 
210,0.3203125 
220,0.3203125 
230,0.3203125 
240,0.3203125 
250,0.3203125 
260,0.3203125 
270,0.3203125 
274,0.3203125 
