time,load@tsung_controller@ip-172-31-25-178 
0,0.0 
10,0.0 
20,0.0 
30,0.078125 
40,0.1484375 
50,0.12109375 
60,0.1796875 
70,0.23828125 
80,0.19921875 
90,0.3203125 
100,0.26953125 
110,0.23046875 
120,0.19921875 
130,0.16015625 
140,0.140625 
150,0.12109375 
160,0.26171875 
170,0.21875 
180,0.41015625 
190,0.4296875 
200,0.359375 
210,0.30859375 
220,0.41015625 
230,0.51171875 
240,0.4296875 
250,0.359375 
260,0.30078125 
270,0.26171875 
280,0.21875 
290,0.1796875 
292,0.16015625 
