time,load@tsung_controller@ip-172-31-25-178 
0,0.0 
10,0.0 
20,0.0 
30,0.078125 
40,0.1484375 
50,0.1484375 
60,0.1796875 
70,0.23828125 
80,0.23828125 
90,0.3203125 
100,0.3203125 
110,0.3203125 
120,0.3203125 
130,0.3203125 
140,0.3203125 
150,0.3203125 
160,0.3203125 
170,0.3203125 
180,0.41015625 
190,0.4296875 
200,0.4296875 
210,0.4296875 
220,0.4296875 
230,0.51171875 
240,0.51171875 
250,0.51171875 
260,0.51171875 
270,0.51171875 
280,0.51171875 
290,0.51171875 
292,0.51171875 
